{"Train_loss_step": 0.32673725485801697, "Acc_train": 0.875, "Train_F1": 0.46666666865348816, "Val_FBeta": 0.875, "epoch": 5, "trainer/global_step": 353, "_runtime": 186, "_timestamp": 1642457679, "_step": 18, "Val_loss": 0.3266916275024414, "Acc_val": 0.8635236024856567, "Val_F1": 0.46338215470314026, "Val_Fbeta": 0.8635236024856567, "Train_loss_epoch": 0.31363826990127563, "_wandb": {"runtime": 184}}