{"Train_loss_step": 0.20304185152053833, "Acc_train": 0.90625, "Train_F1": 0.7241379022598267, "Val_FBeta": 0.90625, "epoch": 5, "trainer/global_step": 354, "_runtime": 245, "_timestamp": 1642465516, "_step": 19, "Val_loss": 0.25685572624206543, "Acc_val": 0.9057071805000305, "Val_F1": 0.7763293981552124, "Val_Fbeta": 0.9057072401046753, "Train_loss_epoch": 0.2230570912361145, "Acc_test": 0.9223090410232544, "Test_F1": 0.7914764285087585, "Test_FBeta": 0.7914764285087585, "_wandb": {"runtime": 242}}