{"Train_loss_step": 0.45552921295166016, "Acc_train": 0.8125, "Train_F1": 0.4482758641242981, "Val_FBeta": 0.8125, "epoch": 0, "trainer/global_step": 58, "_runtime": 16, "_timestamp": 1642458165, "_step": 2, "Val_loss": 0.34828877449035645, "Acc_val": 0.8672456741333008, "Val_F1": 0.4644518196582794, "Val_Fbeta": 0.8672456741333008, "Train_loss_epoch": 0.42320865392684937, "_wandb": {"runtime": 20}}