{"Train_loss_step": 0.35248875617980957, "Acc_train": 0.84375, "Train_F1": 0.4576271176338196, "epoch": 5, "trainer/global_step": 353, "_runtime": 360, "_timestamp": 1642454994, "_step": 22, "val_loss": 0.3677360713481903, "Acc_val": 0.8796526193618774, "Val_F1": 0.4679867923259735, "Val_Fbeta": 0.8796526193618774, "Val_loss": 0.2895520329475403, "Train_loss_epoch": 0.30840620398521423, "_wandb": {"runtime": 230}}