{"Train_loss_step": 0.23696807026863098, "Acc_train": 0.921875, "Train_F1": 0.8112094402313232, "Val_FBeta": 0.921875, "epoch": 5, "trainer/global_step": 354, "_runtime": 153, "_timestamp": 1642463997, "_step": 19, "Val_loss": 0.25066694617271423, "Acc_val": 0.9131513833999634, "Val_F1": 0.7911763191223145, "Val_Fbeta": 0.9131513833999634, "Train_loss_epoch": 0.2232169806957245, "Acc_test": 0.9296875, "Test_F1": 0.8317074179649353, "Test_FBeta": 0.8317074179649353, "_wandb": {"runtime": 150}}