{"Train_loss_step": 0.38484346866607666, "Acc_train": 0.84375, "Train_F1": 0.4576271176338196, "Val_FBeta": 0.84375, "epoch": 5, "trainer/global_step": 354, "_runtime": 159, "_timestamp": 1642459780, "_step": 19, "Val_loss": 0.299553781747818, "Acc_val": 0.8833746910095215, "Val_F1": 0.4690382182598114, "Val_Fbeta": 0.8833746910095215, "Train_loss_epoch": 0.32297971844673157, "Acc_test": 0.8723958134651184, "Test_F1": 0.4659249186515808, "Test_FBeta": 0.4659249186515808, "_wandb": {"runtime": 157}}