{"Train_loss_step": 0.18370050191879272, "Acc_train": 0.9375, "Train_F1": 0.7830507755279541, "Val_FBeta": 0.9375, "epoch": 5, "trainer/global_step": 354, "_runtime": 185, "_timestamp": 1642465048, "_step": 19, "Val_loss": 0.1998566836118698, "Acc_val": 0.9261786341667175, "Val_F1": 0.817912757396698, "Val_Fbeta": 0.9261786341667175, "Train_loss_epoch": 0.22848345339298248, "Acc_test": 0.9231770634651184, "Test_F1": 0.8065330982208252, "Test_FBeta": 0.8065330982208252, "_wandb": {"runtime": 183}}