{"Train_loss_step": 0.23096169531345367, "Acc_train": 0.921875, "Train_F1": 0.8112094402313232, "Val_FBeta": 0.921875, "epoch": 5, "trainer/global_step": 354, "_runtime": 392, "_timestamp": 1642462001, "_step": 19, "Val_loss": 0.2261447012424469, "Acc_val": 0.9224565625190735, "Val_F1": 0.7960903644561768, "Val_Fbeta": 0.9224565625190735, "Train_loss_epoch": 0.21055424213409424, "Acc_test": 0.9227430820465088, "Test_F1": 0.7816824913024902, "Test_FBeta": 0.7816824913024902, "_wandb": {"runtime": 156}}