{"Train_loss_step": 0.285891056060791, "Acc_train": 0.859375, "Train_F1": 0.462184876203537, "epoch": 5, "trainer/global_step": 353, "_runtime": 142, "_timestamp": 1642455682, "_step": 18, "Val_loss": 0.31533995270729065, "Acc_val": 0.8709677457809448, "Val_F1": 0.4655172526836395, "Val_Fbeta": 0.8709677457809448, "Train_loss_epoch": 0.30002978444099426, "_wandb": {"runtime": 139}}