{"_runtime": 170, "_timestamp": 1642470399, "_step": 26, "Train_loss_step": 0.14797717332839966, "Acc_train": 0.9375, "Train_F1": 0.8571428060531616, "Val_FBeta": 0.9375, "epoch": 5, "trainer/global_step": 354, "Val_loss": 0.23375116288661957, "Acc_val": 0.9162530899047852, "Val_F1": 0.7943999767303467, "Val_Fbeta": 0.9162530899047852, "Train_loss_epoch": 0.21245886385440826, "Acc_test": 0.9240451455116272, "Test_F1": 0.8033545613288879, "Test_FBeta": 0.8033545613288879, "_wandb": {"runtime": 166}}