{"Train_loss_step": 0.2421635389328003, "Acc_train": 0.90625, "Train_F1": 0.7593985199928284, "epoch": 11, "trainer/global_step": 707, "_runtime": 312, "_timestamp": 1642456153, "_step": 37, "Val_loss": 0.2900993525981903, "Acc_val": 0.8815136551856995, "Val_F1": 0.5812810659408569, "Val_Fbeta": 0.8815136551856995, "Train_loss_epoch": 0.24904663860797882, "_wandb": {"runtime": 309}}