{"Train_loss_step": 0.28060632944107056, "Acc_train": 0.9375, "Train_F1": 0.4838709533214569, "Val_FBeta": 0.9375, "epoch": 5, "trainer/global_step": 353, "_runtime": 148, "_timestamp": 1642456544, "_step": 18, "Val_loss": 0.30346471071243286, "Acc_val": 0.8846153616905212, "Val_F1": 0.4693877398967743, "Val_Fbeta": 0.8846153616905212, "Train_loss_epoch": 0.33789560198783875, "_wandb": {"runtime": 146}}