{"_runtime": 579, "_timestamp": 1642473582, "_step": 26, "Train_loss_step": 0.47379666566848755, "Acc_train": 0.765625, "Train_F1": 0.7641856670379639, "Val_FBeta": 0.765625, "epoch": 5, "trainer/global_step": 354, "Val_loss": 0.4193387031555176, "Acc_val": 0.8275434374809265, "Val_F1": 0.8275169134140015, "Val_Fbeta": 0.8275434374809265, "Train_loss_epoch": 0.5037182569503784, "Acc_test": 0.8103298544883728, "Test_F1": 0.8093520998954773, "Test_FBeta": 0.8093520998954773, "_wandb": {"runtime": 343}}