{"Train_loss_step": 0.1339271366596222, "Acc_train": 0.9375, "Train_F1": 0.8395990133285522, "Val_FBeta": 0.9375, "epoch": 39, "trainer/global_step": 2359, "_runtime": 1123, "_timestamp": 1642459377, "_step": 126, "Val_loss": 0.25524431467056274, "Acc_val": 0.9156327247619629, "Val_F1": 0.7943222522735596, "Val_Fbeta": 0.9156326651573181, "Train_loss_epoch": 0.17579804360866547, "_wandb": {"runtime": 1120}}