{"Train_loss_step": 0.3138848543167114, "Acc_train": 0.859375, "Train_F1": 0.462184876203537, "Val_FBeta": 0.859375, "epoch": 5, "trainer/global_step": 353, "_runtime": 145, "_timestamp": 1642457101, "_step": 18, "Val_loss": 0.29100149869918823, "Acc_val": 0.8765508532524109, "Val_F1": 0.4671074151992798, "Val_Fbeta": 0.8765508532524109, "Train_loss_epoch": 0.3092705011367798, "_wandb": {"runtime": 143}}