{"Train_loss_step": 0.30573421716690063, "Acc_train": 0.84375, "Train_F1": 0.6767676472663879, "Val_FBeta": 0.84375, "epoch": 5, "trainer/global_step": 354, "_runtime": 151, "_timestamp": 1642462967, "_step": 19, "Val_loss": 0.23136042058467865, "Acc_val": 0.9112903475761414, "Val_F1": 0.7842367887496948, "Val_Fbeta": 0.9112903475761414, "Train_loss_epoch": 0.22537672519683838, "Acc_test": 0.9201388955116272, "Test_F1": 0.7998999357223511, "Test_FBeta": 0.7998999357223511, "_wandb": {"runtime": 148}}