{"Train_loss_step": 0.1935831606388092, "Acc_train": 0.953125, "Train_F1": 0.8715718984603882, "Val_FBeta": 0.953125, "epoch": 5, "trainer/global_step": 354, "_runtime": 161, "_timestamp": 1642464560, "_step": 19, "Val_loss": 0.2291041612625122, "Acc_val": 0.9212158918380737, "Val_F1": 0.8056715726852417, "Val_Fbeta": 0.9212158918380737, "Train_loss_epoch": 0.2087760716676712, "Acc_test": 0.9210069179534912, "Test_F1": 0.7944018840789795, "Test_FBeta": 0.7944018840789795, "_wandb": {"runtime": 159}}